CustomerSegment,Age_mean,Age_median,Age_min,Age_max,Total Spend_mean,Total Spend_median,Total Spend_min,Total Spend_max,Items Purchased_mean,Items Purchased_median,Items Purchased_min,Items Purchased_max,Avg Spend Per Item_mean,Avg Spend Per Item_median,Avg Spend Per Item_min,Avg Spend Per Item_max,Loyalty Score_mean,Loyalty Score_median,Loyalty Score_min,Loyalty Score_max,RFM_Score_mean,RFM_Score_median,RFM_Score_min,RFM_Score_max,Satisfaction Encoded_mean,Satisfaction Encoded_median,Satisfaction Encoded_min,Satisfaction Encoded_max,Membership Encoded_mean,Membership Encoded_median,Membership Encoded_min,Membership Encoded_max,Cluster_Size,Cluster_Percentage
0,34.31372549019608,34.0,27,43,1304.4186274509802,1370.2,780.2,1500.1,9.843137254901961,10.0,7,15,137.66900756922814,129.16363636363636,98.03333333333332,212.87142857142857,0.48334889511360096,0.4968253968253968,0.1571428571428571,0.8301587301587301,7.2745098039215685,8.0,4,11,1.8823529411764706,2.0,1,3,0.7450980392156863,1.0,0.0,2.0,51,9.27
1,39.06428571428572,38.0,32,43,486.20178571428573,475.25,410.8,780.9,8.778571428571428,9.0,7,18,56.48045659400124,55.1125,26.95833333333333,98.65714285714286,0.37327664399092964,0.4277777777777777,0.1571428571428571,0.7412698412698413,3.057142857142857,3.0,1,7,1.6,2.0,1,3,0.15,0.0,0.0,2.0,140,25.45
2,30.5177304964539,30.0,26,42,1288.964184397163,1200.8,480.25,1520.1,17.70921985815603,18.0,14,21,73.33160882319831,74.425,22.86904761904762,100.00666666666666,0.7577620173364854,0.7730158730158729,0.3476190476190476,0.8428571428571429,10.893617021276595,10.0,8,13,2.921985815602837,3.0,1,3,1.8439716312056738,2.0,0.0,2.0,141,25.64
3,31.674311926605505,32.0,26,43,701.0323394495413,710.4,410.8,1200.8,12.454128440366972,12.0,7,21,59.10106383924584,63.90384615384615,20.995238095238093,100.025,0.48848114169215084,0.5357142857142857,0.1634920634920634,0.8047619047619048,6.325688073394495,6.0,1,10,1.7293577981651376,2.0,1,3,0.9862385321100917,1.0,0.0,2.0,218,39.64
